dataset,model,nb_class,thread_time_mean,process_time_mean,raw_time_mean,liczba_regul_mean,srednia_dlugosc_reguly_mean,suma_warunkow_mean,train_acc_mean,test_acc_mean,train_bacc_mean,test_bacc_mean,thread_time_std,process_time_std,raw_time_std,liczba_regul_std,srednia_dlugosc_reguly_std,suma_warunkow_std,train_acc_std,test_acc_std,train_bacc_std,test_bacc_std
adult,AQ15,2,1384.845,1384.845,1384.845,2566.4,6.753,17213.5,0.88,0.825,0.763,0.674,867.142,867.142,867.142,1052.383,0.35,6781.589,0.043,0.011,0.076,0.046
adult,BRCG,2,136.487,262.01,136.593,1.2,1.2,1.5,0.784,0.783,0.604,0.603,11.591,24.689,11.576,0.422,0.35,0.85,0.006,0.009,0.029,0.032
adult,CN2_default,2,1121.039,1122.067,1121.123,6176.5,3.493,21574.1,0.982,0.836,0.969,0.761,59.499,59.533,59.498,227.221,0.056,854.927,0.002,0.003,0.003,0.005
adult,CN2_v2,2,23672.785,23693.877,23674.088,4892.8,2.932,14347.2,0.97,0.821,0.958,0.754,1022.733,1023.535,1022.716,84.968,0.029,307.501,0.002,0.007,0.005,0.008
adult,IDS,2,31.493,31.525,31.499,15.3,1.879,28.8,0.761,0.761,0.5,0.5,2.176,2.184,2.176,2.71,0.071,5.432,0.0,0.0,0.0,0.0
adult,JRip,2,10.136,34.982,10.651,16.4,5.044,84.0,0.849,0.846,0.751,0.746,4.075,23.816,4.389,3.836,0.432,25.171,0.003,0.006,0.006,0.011
adult,LORD,2,1.191,1.191,1.191,8225.0,5.031,41375.8,,0.85,,,0.558,0.558,0.558,161.3,0.092,1011.058,,0.004,,
adult,MLRules,2,48.224,49.621,48.254,100.0,7.749,774.9,0.868,0.864,0.787,0.782,1.49,4.794,1.523,0.0,0.108,10.785,0.001,0.004,0.002,0.006
adult,OneR,2,0.111,0.129,0.111,22.6,1.0,22.6,0.811,0.811,0.606,0.606,0.019,0.061,0.019,1.647,0.0,1.647,0.0,0.002,0.001,0.005
adult,RuleKit_mincov-10perMinClass_measure-C2,2,13.343,13.343,13.343,23.8,5.863,139.5,0.842,0.841,0.759,0.757,1.154,1.154,1.154,0.422,0.297,6.587,0.003,0.006,0.007,0.007
adult,RuleKit_mincov-10perMinClass_measure-C2_maxNbRules-10,2,9.938,9.938,9.938,20.0,5.855,117.1,0.836,0.835,0.788,0.785,1.403,1.403,1.403,0.0,0.213,4.254,0.002,0.005,0.007,0.007
adult,RuleKit_mincov-10perMinClass_measure-C2_maxNbRules-100,2,159.877,159.877,159.877,200.0,6.872,1374.4,0.848,0.846,0.789,0.786,6.282,6.282,6.282,0.0,0.119,23.834,0.001,0.003,0.003,0.006
adult,RuleKit_mincov-10perMinClass_measure-C2_maxNbRules-10perOrgRules,2,0.724,0.724,0.724,4.0,3.675,14.7,0.816,0.816,0.711,0.71,0.135,0.135,0.135,0.0,0.206,0.823,0.001,0.004,0.0,0.007
adult,RuleKit_mincov-10perMinClass_measure-C2_maxNbRules-25perOrgRules,2,4.465,4.465,4.465,12.0,5.567,66.8,0.829,0.828,0.774,0.773,0.282,0.282,0.282,0.0,0.277,3.327,0.007,0.01,0.004,0.01
adult,RuleKit_mincov-10perMinClass_measure-C2_maxNbRules-3,2,1.763,1.763,1.763,6.0,4.817,28.9,0.799,0.799,0.745,0.745,0.218,0.218,0.218,0.0,0.266,1.595,0.016,0.018,0.009,0.008
adult,RuleKit_mincov-10perMinClass_measure-C2_maxNbRules-5,2,4.161,4.161,4.161,10.0,5.31,53.1,0.83,0.829,0.76,0.759,0.419,0.419,0.419,0.0,0.256,2.558,0.001,0.003,0.003,0.005
adult,RuleKit_mincov-10perMinClass_measure-C2_maxNbRules-50perOrgRules,2,10.834,10.834,10.834,24.0,5.942,142.6,0.833,0.831,0.792,0.79,1.063,1.063,1.063,0.0,0.101,2.413,0.003,0.004,0.004,0.004
adult,RuleKit_mincov-10perMinClass_measure-Correlation,2,58.843,58.843,58.843,8.3,5.433,45.0,0.789,0.789,0.807,0.806,6.015,6.015,6.015,0.483,0.288,1.633,0.005,0.011,0.005,0.009
adult,RuleKit_mincov-10perMinClass_measure-Correlation_maxNbRules-10,2,164.968,164.968,164.968,20.0,4.665,93.3,0.839,0.839,0.776,0.775,10.867,10.867,10.867,0.0,0.142,2.83,0.003,0.006,0.004,0.009
adult,RuleKit_mincov-10perMinClass_measure-Correlation_maxNbRules-100,2,1635.342,1635.342,1635.342,103.3,5.184,537.1,0.764,0.764,0.807,0.806,251.832,251.832,251.832,13.191,0.241,86.091,0.013,0.019,0.003,0.01
adult,RuleKit_mincov-10perMinClass_measure-Correlation_maxNbRules-10perOrgRules,2,53.147,53.147,53.147,8.3,5.433,45.0,0.789,0.789,0.807,0.806,5.595,5.595,5.595,0.483,0.288,1.633,0.005,0.011,0.005,0.009
adult,RuleKit_mincov-10perMinClass_measure-Correlation_maxNbRules-25perOrgRules,2,3.702,3.702,3.702,4.0,3.725,14.9,0.817,0.817,0.722,0.721,0.262,0.262,0.262,0.0,0.142,0.568,0.001,0.004,0.001,0.007
adult,RuleKit_mincov-10perMinClass_measure-Correlation_maxNbRules-3,2,29.092,29.092,29.092,6.0,4.15,24.9,0.788,0.788,0.782,0.781,1.617,1.617,1.617,0.0,0.166,0.994,0.001,0.007,0.001,0.008
adult,RuleKit_mincov-10perMinClass_measure-Correlation_maxNbRules-5,2,75.962,75.962,75.962,10.0,4.63,46.3,0.826,0.824,0.775,0.774,11.72,11.72,11.72,0.0,0.157,1.567,0.019,0.022,0.013,0.014
adult,RuleKit_mincov-10perMinClass_measure-Correlation_maxNbRules-50perOrgRules,2,53.52,53.52,53.52,8.6,4.535,39.0,0.806,0.805,0.78,0.779,14.078,14.078,14.078,0.966,0.176,4.595,0.019,0.023,0.007,0.009
adult,RuleKit_mincov-5_measure-C2,2,1702.95,1702.95,1702.95,1579.0,7.136,11269.6,0.852,0.848,0.776,0.772,116.516,116.516,116.516,75.487,0.104,595.756,0.002,0.004,0.008,0.01
adult,RuleKit_mincov-5_measure-C2_maxNbRules-10,2,9.952,9.952,9.952,20.0,5.855,117.1,0.836,0.835,0.788,0.785,1.422,1.422,1.422,0.0,0.213,4.254,0.002,0.005,0.007,0.007
adult,RuleKit_mincov-5_measure-C2_maxNbRules-100,2,160.128,160.128,160.128,200.0,6.872,1374.4,0.848,0.846,0.789,0.786,6.844,6.844,6.844,0.0,0.119,23.834,0.001,0.003,0.003,0.006
adult,RuleKit_mincov-5_measure-C2_maxNbRules-10perOrgRules,2,294.671,294.671,294.671,316.0,7.046,2227.4,0.85,0.848,0.787,0.785,29.452,29.452,29.452,15.406,0.105,128.809,0.001,0.004,0.002,0.005
adult,RuleKit_mincov-5_measure-C2_maxNbRules-25perOrgRules,2,1069.34,1069.34,1069.34,789.6,7.252,5727.4,0.851,0.849,0.782,0.778,91.828,91.828,91.828,37.698,0.084,303.197,0.001,0.004,0.004,0.006
adult,RuleKit_mincov-5_measure-C2_maxNbRules-3,2,1.766,1.766,1.766,6.0,4.817,28.9,0.799,0.799,0.745,0.745,0.219,0.219,0.219,0.0,0.266,1.595,0.016,0.018,0.009,0.008
adult,RuleKit_mincov-5_measure-C2_maxNbRules-5,2,4.222,4.222,4.222,10.0,5.31,53.1,0.83,0.829,0.76,0.759,0.456,0.456,0.456,0.0,0.256,2.558,0.001,0.003,0.003,0.005
adult,RuleKit_mincov-5_measure-C2_maxNbRules-50perOrgRules,2,2102.908,2102.908,2102.908,1570.4,7.129,11192.7,0.852,0.849,0.779,0.774,159.784,159.784,159.784,70.061,0.119,483.535,0.002,0.003,0.005,0.009
adult,RuleKit_mincov-5_measure-Correlation,2,1336.642,1336.642,1336.642,95.3,5.54,527.1,0.762,0.759,0.806,0.803,175.717,175.717,175.717,8.097,0.148,34.642,0.013,0.019,0.004,0.009
adult,RuleKit_mincov-5_measure-Correlation_maxNbRules-10,2,165.541,165.541,165.541,20.0,4.665,93.3,0.839,0.839,0.776,0.775,10.123,10.123,10.123,0.0,0.142,2.83,0.003,0.006,0.004,0.009
adult,RuleKit_mincov-5_measure-Correlation_maxNbRules-100,2,1629.476,1629.476,1629.476,103.3,5.184,537.1,0.764,0.764,0.807,0.806,246.136,246.136,246.136,13.191,0.241,86.091,0.013,0.019,0.003,0.01
adult,RuleKit_mincov-5_measure-Correlation_maxNbRules-10perOrgRules,2,140.751,140.751,140.751,19.2,4.611,88.5,0.839,0.839,0.775,0.775,17.543,17.543,17.543,1.687,0.079,7.517,0.002,0.006,0.004,0.007
adult,RuleKit_mincov-5_measure-Correlation_maxNbRules-25perOrgRules,2,437.175,437.175,437.175,44.7,5.286,236.2,0.818,0.818,0.798,0.797,72.4,72.4,72.4,3.302,0.093,16.301,0.019,0.019,0.012,0.015
adult,RuleKit_mincov-5_measure-Correlation_maxNbRules-3,2,29.229,29.229,29.229,6.0,4.15,24.9,0.788,0.788,0.782,0.781,2.028,2.028,2.028,0.0,0.166,0.994,0.001,0.007,0.001,0.008
adult,RuleKit_mincov-5_measure-Correlation_maxNbRules-5,2,75.596,75.596,75.596,10.0,4.63,46.3,0.826,0.824,0.775,0.774,11.513,11.513,11.513,0.0,0.157,1.567,0.019,0.022,0.013,0.014
adult,RuleKit_mincov-5_measure-Correlation_maxNbRules-50perOrgRules,2,758.946,758.946,758.946,70.0,5.597,391.4,0.787,0.787,0.809,0.808,130.382,130.382,130.382,5.497,0.161,27.533,0.008,0.008,0.004,0.007
adult,rulefit,2,47.146,871.862,47.18,23.7,2.772,65.6,0.844,0.843,0.791,0.792,11.494,66.13,11.538,1.059,0.23,5.06,0.002,0.003,0.006,0.006
airlines_100k,AQ15,2,,,,,,,,,,,,,,,,,,,,
airlines_100k,BRCG,2,77.888,4016.745,77.953,0.0,,0.0,0.808,0.808,0.5,0.5,9.542,499.307,9.578,0.0,,0.0,0.0,0.0,0.0,0.0
airlines_100k,CN2_default,2,34218.217,34248.424,34220.859,37677.1,2.578,97137.5,1.0,0.688,1.0,0.499,567.148,567.619,567.168,206.486,0.003,593.425,0.0,0.003,0.0,0.003
airlines_100k,CN2_v2,2,25597.048,25619.593,25599.509,13194.9,2.803,36984.4,0.975,0.694,0.959,0.501,96.276,96.18,96.365,27.779,0.008,112.706,0.001,0.005,0.001,0.006
airlines_100k,IDS,2,63.189,63.27,63.199,15.9,1.568,25.2,0.808,0.808,0.5,0.5,5.727,5.748,5.726,3.985,0.13,7.036,0.0,0.0,0.0,0.0
airlines_100k,JRip,2,14.002,173.983,15.092,10.2,3.539,36.6,0.813,0.812,0.531,0.528,5.049,101.592,5.537,2.86,0.235,11.721,0.001,0.001,0.004,0.003
airlines_100k,LORD,2,1.334,1.334,1.334,33030.2,3.385,111797.1,,0.805,,,0.545,0.545,0.545,124.167,0.031,1155.004,,0.002,,
airlines_100k,MLRules,2,,,,100.0,176.977,17697.7,0.827,0.815,0.572,0.55,,,,0.0,1.131,113.137,0.001,0.001,0.001,0.003
airlines_100k,OneR,2,0.078,0.088,0.078,68.0,1.0,68.0,0.81,0.808,0.516,0.513,0.014,0.033,0.014,3.399,0.0,3.399,0.001,0.001,0.001,0.001
airlines_100k,RuleKit_mincov-10perMinClass_measure-C2,2,182.391,182.391,182.391,44.0,1.815,79.9,0.756,0.756,0.584,0.584,16.957,16.957,16.957,1.414,0.047,4.067,0.002,0.003,0.001,0.005
airlines_100k,RuleKit_mincov-10perMinClass_measure-C2_maxNbRules-10,2,64.439,64.439,64.439,20.0,1.8,36.0,0.687,0.687,0.619,0.618,5.34,5.34,5.34,0.0,0.041,0.816,0.003,0.006,0.001,0.007
airlines_100k,RuleKit_mincov-10perMinClass_measure-C2_maxNbRules-100,2,966.275,966.275,966.275,200.0,1.862,372.4,0.706,0.706,0.614,0.614,86.553,86.553,86.553,0.0,0.029,5.719,0.002,0.006,0.001,0.006
airlines_100k,RuleKit_mincov-10perMinClass_measure-C2_maxNbRules-10perOrgRules,2,10.054,10.054,10.054,8.6,1.699,14.6,0.712,0.712,0.609,0.609,5.745,5.745,5.745,1.35,0.092,2.366,0.013,0.013,0.005,0.006
airlines_100k,RuleKit_mincov-10perMinClass_measure-C2_maxNbRules-25perOrgRules,2,75.501,75.501,75.501,21.8,1.807,39.4,0.693,0.693,0.615,0.615,8.58,8.58,8.58,0.632,0.042,1.506,0.006,0.006,0.001,0.007
airlines_100k,RuleKit_mincov-10perMinClass_measure-C2_maxNbRules-3,2,5.033,5.033,5.033,5.1,1.553,7.9,0.652,0.652,0.626,0.626,4.697,4.697,4.697,0.316,0.1,0.316,0.001,0.005,0.001,0.005
airlines_100k,RuleKit_mincov-10perMinClass_measure-C2_maxNbRules-5,2,10.726,10.726,10.726,9.6,1.72,16.5,0.724,0.723,0.605,0.604,6.226,6.226,6.226,0.516,0.041,0.707,0.001,0.005,0.001,0.007
airlines_100k,RuleKit_mincov-10perMinClass_measure-C2_maxNbRules-50perOrgRules,2,178.829,178.829,178.829,44.6,1.838,82.0,0.699,0.698,0.614,0.614,7.437,7.437,7.437,1.647,0.05,4.11,0.006,0.008,0.001,0.007
airlines_100k,RuleKit_mincov-10perMinClass_measure-Correlation,2,169.164,169.164,169.164,25.7,1.596,41.0,0.744,0.743,0.592,0.591,26.959,26.959,26.959,1.703,0.144,4.546,0.007,0.006,0.004,0.007
airlines_100k,RuleKit_mincov-10perMinClass_measure-Correlation_maxNbRules-10,2,123.943,123.943,123.943,20.0,1.66,33.2,0.628,0.628,0.631,0.631,10.251,10.251,10.251,0.0,0.097,1.932,0.015,0.016,0.001,0.007
airlines_100k,RuleKit_mincov-10perMinClass_measure-Correlation_maxNbRules-100,2,1828.413,1828.413,1828.413,199.3,1.644,327.7,0.609,0.607,0.633,0.631,52.242,52.242,52.242,0.675,0.128,25.281,0.012,0.014,0.001,0.007
airlines_100k,RuleKit_mincov-10perMinClass_measure-Correlation_maxNbRules-10perOrgRules,2,13.235,13.235,13.235,4.8,1.443,6.9,0.678,0.679,0.621,0.621,7.367,7.367,7.367,1.033,0.111,1.449,0.016,0.02,0.006,0.004
airlines_100k,RuleKit_mincov-10perMinClass_measure-Correlation_maxNbRules-25perOrgRules,2,67.076,67.076,67.076,13.1,1.569,20.6,0.625,0.625,0.631,0.63,6.925,6.925,6.925,1.101,0.086,2.459,0.021,0.023,0.002,0.005
airlines_100k,RuleKit_mincov-10perMinClass_measure-Correlation_maxNbRules-3,2,15.667,15.667,15.667,5.3,1.417,7.5,0.685,0.685,0.618,0.618,5.087,5.087,5.087,0.483,0.079,0.707,0.014,0.016,0.004,0.007
airlines_100k,RuleKit_mincov-10perMinClass_measure-Correlation_maxNbRules-5,2,44.803,44.803,44.803,9.8,1.489,14.6,0.642,0.642,0.63,0.63,4.351,4.351,4.351,0.422,0.071,1.075,0.006,0.006,0.001,0.006
airlines_100k,RuleKit_mincov-10perMinClass_measure-Correlation_maxNbRules-50perOrgRules,2,165.31,165.31,165.31,26.0,1.668,43.4,0.635,0.635,0.631,0.631,18.198,18.198,18.198,1.886,0.084,4.033,0.011,0.014,0.001,0.007
airlines_100k,RuleKit_mincov-5_measure-C2,2,14153.285,14153.285,14153.285,6278.6,2.328,14619.8,0.71,0.709,0.614,0.613,1492.487,1492.487,1492.487,340.81,0.018,853.425,0.013,0.016,0.005,0.007
airlines_100k,RuleKit_mincov-5_measure-C2_maxNbRules-10,2,64.669,64.669,64.669,20.0,1.8,36.0,0.687,0.687,0.619,0.618,5.981,5.981,5.981,0.0,0.041,0.816,0.003,0.006,0.001,0.007
airlines_100k,RuleKit_mincov-5_measure-C2_maxNbRules-100,2,966.2,966.2,966.2,200.0,1.862,372.4,0.706,0.706,0.614,0.614,86.653,86.653,86.653,0.0,0.029,5.719,0.002,0.006,0.001,0.006
airlines_100k,RuleKit_mincov-5_measure-C2_maxNbRules-10perOrgRules,2,5688.457,5688.457,5688.457,1255.8,1.929,2423.3,0.721,0.72,0.609,0.608,218.395,218.395,218.395,68.186,0.026,157.087,0.001,0.006,0.001,0.008
airlines_100k,RuleKit_mincov-5_measure-C2_maxNbRules-25perOrgRules,2,9201.277,9201.277,9201.277,3129.5,2.185,6841.2,0.717,0.716,0.611,0.61,326.178,326.178,326.178,169.711,0.036,460.403,0.002,0.006,0.001,0.007
airlines_100k,RuleKit_mincov-5_measure-C2_maxNbRules-3,2,5.057,5.057,5.057,5.1,1.553,7.9,0.652,0.652,0.626,0.626,4.702,4.702,4.702,0.316,0.1,0.316,0.001,0.005,0.001,0.005
airlines_100k,RuleKit_mincov-5_measure-C2_maxNbRules-5,2,10.9,10.9,10.9,9.6,1.72,16.5,0.724,0.723,0.605,0.604,6.443,6.443,6.443,0.516,0.041,0.707,0.001,0.005,0.001,0.007
airlines_100k,RuleKit_mincov-5_measure-C2_maxNbRules-50perOrgRules,2,11003.128,11003.128,11003.128,6169.7,2.477,15292.6,0.72,0.719,0.611,0.61,579.655,579.655,579.655,354.08,0.038,1069.246,0.01,0.013,0.004,0.008
airlines_100k,RuleKit_mincov-5_measure-Correlation,2,8533.411,8533.411,8533.411,690.9,1.134,783.8,0.551,0.551,0.613,0.613,2301.236,2301.236,2301.236,168.329,0.046,195.186,0.146,0.147,0.036,0.038
airlines_100k,RuleKit_mincov-5_measure-Correlation_maxNbRules-10,2,124.174,124.174,124.174,20.0,1.66,33.2,0.628,0.628,0.631,0.631,11.19,11.19,11.19,0.0,0.097,1.932,0.015,0.016,0.001,0.007
airlines_100k,RuleKit_mincov-5_measure-Correlation_maxNbRules-100,2,1832.355,1832.355,1832.355,199.3,1.644,327.7,0.609,0.607,0.633,0.631,54.115,54.115,54.115,0.675,0.128,25.281,0.012,0.014,0.001,0.007
airlines_100k,RuleKit_mincov-5_measure-Correlation_maxNbRules-10perOrgRules,2,1157.228,1157.228,1157.228,138.0,1.688,231.8,0.61,0.61,0.633,0.632,318.335,318.335,318.335,33.506,0.119,55.966,0.012,0.014,0.001,0.007
airlines_100k,RuleKit_mincov-5_measure-Correlation_maxNbRules-25perOrgRules,2,3349.793,3349.793,3349.793,335.8,1.569,521.7,0.621,0.62,0.632,0.631,881.459,881.459,881.459,78.494,0.141,116.705,0.02,0.019,0.002,0.007
airlines_100k,RuleKit_mincov-5_measure-Correlation_maxNbRules-3,2,15.499,15.499,15.499,5.3,1.417,7.5,0.685,0.685,0.618,0.618,4.99,4.99,4.99,0.483,0.079,0.707,0.014,0.016,0.004,0.007
airlines_100k,RuleKit_mincov-5_measure-Correlation_maxNbRules-5,2,44.943,44.943,44.943,9.8,1.489,14.6,0.642,0.642,0.63,0.63,4.44,4.44,4.44,0.422,0.071,1.075,0.006,0.006,0.001,0.006
airlines_100k,RuleKit_mincov-5_measure-Correlation_maxNbRules-50perOrgRules,2,6332.436,6332.436,6332.436,578.8,1.481,848.3,0.608,0.608,0.632,0.632,1472.397,1472.397,1472.397,117.239,0.125,151.478,0.023,0.021,0.001,0.008
airlines_100k,rulefit,2,160.469,827.099,160.499,23.5,2.157,50.7,0.808,0.808,0.5,0.5,6.927,20.356,6.93,2.415,0.185,6.913,0.0,0.0,0.0,0.0
airlines_10k,AQ15,2,2120.654,2120.654,2120.654,2105.0,4.108,8648.7,1.0,0.787,1.0,0.51,89.982,89.982,89.982,36.35,0.124,341.172,0.0,0.005,0.0,0.008
airlines_10k,BRCG,2,10.867,683.954,10.87,0.0,,0.0,0.806,0.806,0.5,0.5,1.374,87.776,1.374,0.0,,0.0,0.0,0.0,0.0,0.0
airlines_10k,CN2_default,2,362.444,362.788,362.475,4070.5,1.863,7583.1,1.0,0.709,1.0,0.538,6.225,6.223,6.229,49.235,0.001,94.279,0.0,0.016,0.0,0.014
airlines_10k,CN2_v2,2,382.308,382.673,382.334,1365.2,2.231,3045.4,0.97,0.713,0.952,0.54,6.372,6.389,6.37,16.267,0.016,37.76,0.003,0.013,0.004,0.017
airlines_10k,IDS,2,8.286,8.291,8.286,14.8,1.644,24.3,0.806,0.806,0.5,0.5,0.311,0.311,0.311,2.7,0.132,4.498,0.0,0.0,0.0,0.0
airlines_10k,JRip,2,0.221,2.291,0.262,2.3,2.867,6.6,0.81,0.807,0.527,0.524,0.097,2.474,0.119,1.418,0.218,4.115,0.002,0.002,0.011,0.009
airlines_10k,LORD,2,0.234,0.234,0.234,3587.3,2.692,9658.0,,0.785,,,0.16,0.16,0.16,36.414,0.01,108.377,,0.009,,
airlines_10k,MLRules,2,3708.668,3714.957,3709.23,100.0,157.108,15710.8,0.928,0.786,0.825,0.549,133.758,134.518,133.818,0.0,2.094,209.393,0.002,0.007,0.006,0.008
airlines_10k,OneR,2,0.012,0.025,0.012,33.6,1.0,33.6,0.813,0.798,0.539,0.517,0.01,0.021,0.01,5.168,0.0,5.168,0.001,0.005,0.005,0.006
airlines_10k,RuleKit_mincov-10perMinClass_measure-C2,2,10.124,10.124,10.124,42.9,1.71,73.4,0.748,0.747,0.589,0.588,0.724,0.724,0.724,1.101,0.104,5.621,0.003,0.009,0.004,0.025
airlines_10k,RuleKit_mincov-10perMinClass_measure-C2_maxNbRules-10,2,4.615,4.615,4.615,20.0,1.85,37.0,0.697,0.695,0.619,0.616,0.625,0.625,0.625,0.0,0.1,2.0,0.006,0.013,0.003,0.026
airlines_10k,RuleKit_mincov-10perMinClass_measure-C2_maxNbRules-100,2,45.272,45.272,45.272,200.0,1.814,362.9,0.72,0.717,0.614,0.609,2.127,2.127,2.127,0.0,0.049,9.735,0.002,0.007,0.002,0.021
airlines_10k,RuleKit_mincov-10perMinClass_measure-C2_maxNbRules-10perOrgRules,2,1.035,1.035,1.035,8.0,1.662,13.3,0.704,0.702,0.617,0.615,0.437,0.437,0.437,0.0,0.119,0.949,0.001,0.011,0.003,0.023
airlines_10k,RuleKit_mincov-10perMinClass_measure-C2_maxNbRules-25perOrgRules,2,5.342,5.342,5.342,21.8,1.831,39.9,0.705,0.703,0.616,0.613,0.594,0.594,0.594,0.632,0.1,2.025,0.005,0.011,0.003,0.022
airlines_10k,RuleKit_mincov-10perMinClass_measure-C2_maxNbRules-3,2,0.153,0.153,0.153,6.0,1.633,9.8,0.66,0.657,0.627,0.623,0.05,0.05,0.05,0.0,0.131,0.789,0.007,0.014,0.004,0.018
airlines_10k,RuleKit_mincov-10perMinClass_measure-C2_maxNbRules-5,2,1.447,1.447,1.447,10.0,1.73,17.3,0.727,0.726,0.607,0.605,0.438,0.438,0.438,0.0,0.125,1.252,0.002,0.01,0.003,0.021
airlines_10k,RuleKit_mincov-10perMinClass_measure-C2_maxNbRules-50perOrgRules,2,11.124,11.124,11.124,43.2,1.809,78.2,0.707,0.707,0.617,0.616,0.697,0.697,0.697,1.033,0.07,4.442,0.007,0.009,0.003,0.022
airlines_10k,RuleKit_mincov-10perMinClass_measure-Correlation,2,9.261,9.261,9.261,22.6,1.6,36.0,0.747,0.746,0.591,0.588,1.069,1.069,1.069,1.647,0.191,3.83,0.008,0.014,0.008,0.018
airlines_10k,RuleKit_mincov-10perMinClass_measure-Correlation_maxNbRules-10,2,9.215,9.215,9.215,20.0,1.635,32.7,0.648,0.647,0.628,0.625,0.674,0.674,0.674,0.0,0.094,1.889,0.026,0.022,0.005,0.018
airlines_10k,RuleKit_mincov-10perMinClass_measure-Correlation_maxNbRules-100,2,95.809,95.809,95.809,183.4,1.442,264.3,0.618,0.618,0.629,0.623,4.532,4.532,4.532,7.152,0.095,17.056,0.031,0.028,0.002,0.012
airlines_10k,RuleKit_mincov-10perMinClass_measure-Correlation_maxNbRules-10perOrgRules,2,0.339,0.339,0.339,4.2,1.525,6.4,0.673,0.668,0.628,0.621,0.389,0.389,0.389,0.632,0.142,1.075,0.012,0.014,0.003,0.019
airlines_10k,RuleKit_mincov-10perMinClass_measure-Correlation_maxNbRules-25perOrgRules,2,3.796,3.796,3.796,11.4,1.602,18.2,0.654,0.649,0.63,0.622,0.728,0.728,0.728,0.966,0.128,1.549,0.018,0.021,0.003,0.021
airlines_10k,RuleKit_mincov-10perMinClass_measure-Correlation_maxNbRules-3,2,1.02,1.02,1.02,6.0,1.45,8.7,0.676,0.672,0.624,0.62,0.417,0.417,0.417,0.0,0.137,0.823,0.017,0.018,0.006,0.024
airlines_10k,RuleKit_mincov-10perMinClass_measure-Correlation_maxNbRules-5,2,2.966,2.966,2.966,10.0,1.58,15.8,0.648,0.643,0.63,0.623,0.608,0.608,0.608,0.0,0.155,1.549,0.024,0.024,0.002,0.017
airlines_10k,RuleKit_mincov-10perMinClass_measure-Correlation_maxNbRules-50perOrgRules,2,10.562,10.562,10.562,23.0,1.58,36.3,0.638,0.635,0.629,0.625,1.317,1.317,1.317,1.7,0.114,3.268,0.022,0.019,0.002,0.016
airlines_10k,RuleKit_mincov-5_measure-C2,2,103.543,103.543,103.543,1145.7,1.936,2218.0,0.743,0.738,0.603,0.595,5.111,5.111,5.111,22.721,0.019,42.596,0.004,0.012,0.004,0.02
airlines_10k,RuleKit_mincov-5_measure-C2_maxNbRules-10,2,4.616,4.616,4.616,20.0,1.85,37.0,0.697,0.695,0.619,0.616,0.435,0.435,0.435,0.0,0.1,2.0,0.006,0.013,0.003,0.026
airlines_10k,RuleKit_mincov-5_measure-C2_maxNbRules-100,2,45.446,45.446,45.446,200.0,1.814,362.9,0.72,0.717,0.614,0.609,2.249,2.249,2.249,0.0,0.049,9.735,0.002,0.007,0.002,0.021
airlines_10k,RuleKit_mincov-5_measure-C2_maxNbRules-10perOrgRules,2,48.992,48.992,48.992,229.6,1.833,420.8,0.72,0.718,0.614,0.61,2.466,2.466,2.466,4.6,0.041,11.564,0.003,0.007,0.002,0.019
airlines_10k,RuleKit_mincov-5_measure-C2_maxNbRules-25perOrgRules,2,76.682,76.682,76.682,573.2,1.946,1115.2,0.73,0.728,0.608,0.603,5.799,5.799,5.799,11.322,0.022,16.356,0.002,0.009,0.003,0.018
airlines_10k,RuleKit_mincov-5_measure-C2_maxNbRules-3,2,0.143,0.143,0.143,6.0,1.633,9.8,0.66,0.657,0.627,0.623,0.048,0.048,0.048,0.0,0.131,0.789,0.007,0.014,0.004,0.018
airlines_10k,RuleKit_mincov-5_measure-C2_maxNbRules-5,2,1.437,1.437,1.437,10.0,1.73,17.3,0.727,0.726,0.607,0.605,0.386,0.386,0.386,0.0,0.125,1.252,0.002,0.01,0.003,0.021
airlines_10k,RuleKit_mincov-5_measure-C2_maxNbRules-50perOrgRules,2,87.546,87.546,87.546,1146.0,2.101,2407.6,0.754,0.747,0.6,0.589,5.827,5.827,5.827,22.823,0.02,45.029,0.005,0.012,0.002,0.023
airlines_10k,RuleKit_mincov-5_measure-Correlation,2,130.174,130.174,130.174,236.4,1.279,300.8,0.728,0.728,0.604,0.605,11.292,11.292,11.292,25.89,0.106,24.041,0.009,0.012,0.005,0.022
airlines_10k,RuleKit_mincov-5_measure-Correlation_maxNbRules-10,2,9.071,9.071,9.071,20.0,1.635,32.7,0.648,0.647,0.628,0.625,0.628,0.628,0.628,0.0,0.094,1.889,0.026,0.022,0.005,0.018
airlines_10k,RuleKit_mincov-5_measure-Correlation_maxNbRules-100,2,96.139,96.139,96.139,183.4,1.442,264.3,0.618,0.618,0.629,0.623,4.96,4.96,4.96,7.152,0.095,17.056,0.031,0.028,0.002,0.012
airlines_10k,RuleKit_mincov-5_measure-Correlation_maxNbRules-10perOrgRules,2,22.167,22.167,22.167,47.2,1.634,77.0,0.651,0.648,0.629,0.624,2.825,2.825,2.825,5.35,0.128,9.44,0.024,0.024,0.003,0.02
airlines_10k,RuleKit_mincov-5_measure-Correlation_maxNbRules-25perOrgRules,2,58.367,58.367,58.367,114.8,1.491,170.8,0.638,0.637,0.628,0.625,7.118,7.118,7.118,12.682,0.098,18.287,0.035,0.036,0.003,0.018
airlines_10k,RuleKit_mincov-5_measure-Correlation_maxNbRules-3,2,0.955,0.955,0.955,6.0,1.45,8.7,0.676,0.672,0.624,0.62,0.422,0.422,0.422,0.0,0.137,0.823,0.017,0.018,0.006,0.024
airlines_10k,RuleKit_mincov-5_measure-Correlation_maxNbRules-5,2,3.018,3.018,3.018,10.0,1.58,15.8,0.648,0.643,0.63,0.623,0.79,0.79,0.79,0.0,0.155,1.549,0.024,0.024,0.002,0.017
airlines_10k,RuleKit_mincov-5_measure-Correlation_maxNbRules-50perOrgRules,2,107.662,107.662,107.662,205.8,1.43,293.7,0.621,0.623,0.627,0.628,9.992,9.992,9.992,21.503,0.082,29.519,0.033,0.029,0.003,0.015
airlines_10k,rulefit,2,21.388,932.742,21.53,22.7,2.575,58.3,0.806,0.806,0.5,0.5,1.945,71.139,1.94,1.947,0.285,6.945,0.0,0.0,0.0,0.0
census_income_kdd,AQ15,2,33366.432,33366.432,33366.432,378.8,10.863,6080.0,0.95,0.946,0.593,0.582,23265.182,23265.182,23265.182,192.419,1.159,3534.981,0.004,0.002,0.032,0.027
census_income_kdd,BRCG,2,174.697,1177.46,174.855,1.0,0.0,0.0,0.938,0.938,0.5,0.5,11.066,63.282,11.343,0.0,0.0,0.0,0.0,0.0,0.0,0.0
census_income_kdd,CN2_default,2,29774.728,29801.27,29777.149,32363.6,2.735,88504.6,0.998,0.934,0.988,0.712,708.531,709.051,708.698,196.244,0.006,472.736,0.0,0.001,0.001,0.005
census_income_kdd,CN2_v2,2,45597.512,45638.233,45602.093,15247.5,3.136,47822.0,0.99,0.94,0.944,0.724,3441.881,3445.256,3443.629,432.857,0.029,1751.466,0.001,0.002,0.012,0.01
census_income_kdd,IDS,2,418.472,419.101,418.53,18.2,1.966,35.8,0.938,0.938,0.5,0.5,47.876,48.006,47.88,3.155,0.039,6.356,0.0,0.0,0.0,0.0
census_income_kdd,JRip,2,1172.825,8545.445,1233.106,42.9,6.475,279.6,0.952,0.951,0.687,0.68,487.111,7706.228,520.653,9.803,0.343,71.125,0.001,0.001,0.01,0.01
census_income_kdd,LORD,2,33.124,33.124,33.124,19193.9,5.241,100589.9,,0.951,,,1.52,1.52,1.52,139.827,0.052,1092.047,,0.001,,
census_income_kdd,MLRules,2,,,,100.0,50.6,5060.0,0.958,0.956,0.736,0.727,,,,0.0,0.791,79.054,0.0,0.001,0.001,0.007
census_income_kdd,OneR,2,1.188,41.905,1.509,20.6,1.0,20.6,0.946,0.946,0.581,0.581,0.199,128.453,0.872,0.966,0.0,0.966,0.0,0.001,0.001,0.004
census_income_kdd,RuleKit_mincov-10perMinClass_measure-C2,2,93.447,93.447,93.447,49.8,4.476,223.1,0.946,0.946,0.656,0.655,12.04,12.04,12.04,5.453,0.081,26.954,0.001,0.001,0.003,0.005
census_income_kdd,RuleKit_mincov-10perMinClass_measure-C2_maxNbRules-10,2,71.755,71.755,71.755,20.0,4.115,82.3,0.924,0.924,0.759,0.759,19.09,19.09,19.09,0.0,0.156,3.129,0.001,0.002,0.006,0.009
census_income_kdd,RuleKit_mincov-10perMinClass_measure-C2_maxNbRules-100,2,496.79,496.79,496.79,200.0,4.716,943.3,0.948,0.948,0.689,0.688,48.878,48.878,48.878,0.0,0.054,10.894,0.0,0.001,0.006,0.008
census_income_kdd,RuleKit_mincov-10perMinClass_measure-C2_maxNbRules-10perOrgRules,2,17.003,17.003,17.003,10.6,3.747,39.8,0.883,0.882,0.78,0.779,2.583,2.583,2.583,0.966,0.149,4.872,0.013,0.013,0.005,0.008
census_income_kdd,RuleKit_mincov-10perMinClass_measure-C2_maxNbRules-25perOrgRules,2,75.891,75.891,75.891,25.6,4.2,107.7,0.931,0.93,0.751,0.751,22.69,22.69,22.69,2.633,0.123,13.491,0.001,0.001,0.005,0.007
census_income_kdd,RuleKit_mincov-10perMinClass_measure-C2_maxNbRules-3,2,5.302,5.302,5.302,6.0,3.667,22.0,0.778,0.778,0.791,0.79,0.453,0.453,0.453,0.0,0.136,0.816,0.001,0.003,0.001,0.005
census_income_kdd,RuleKit_mincov-10perMinClass_measure-C2_maxNbRules-5,2,20.215,20.215,20.215,10.0,3.63,36.3,0.875,0.874,0.782,0.78,8.419,8.419,8.419,0.0,0.149,1.494,0.0,0.002,0.004,0.006
census_income_kdd,RuleKit_mincov-10perMinClass_measure-C2_maxNbRules-50perOrgRules,2,136.462,136.462,136.462,50.2,4.285,215.5,0.938,0.938,0.74,0.74,26.357,26.357,26.357,5.453,0.112,28.116,0.004,0.004,0.015,0.017
census_income_kdd,RuleKit_mincov-10perMinClass_measure-Correlation,2,57.254,57.254,57.254,5.3,3.574,19.0,0.946,0.946,0.604,0.604,17.796,17.796,17.796,0.823,0.265,3.771,0.001,0.001,0.012,0.014
census_income_kdd,RuleKit_mincov-10perMinClass_measure-Correlation_maxNbRules-10,2,244.735,244.735,244.735,20.0,3.525,70.5,0.946,0.946,0.641,0.64,53.316,53.316,53.316,0.0,0.142,2.838,0.001,0.001,0.025,0.025
census_income_kdd,RuleKit_mincov-10perMinClass_measure-Correlation_maxNbRules-100,2,2108.848,2108.848,2108.848,124.7,3.494,443.2,0.939,0.939,0.64,0.642,684.538,684.538,684.538,31.665,0.323,146.447,0.019,0.018,0.078,0.08
census_income_kdd,RuleKit_mincov-10perMinClass_measure-Correlation_maxNbRules-10perOrgRules,2,54.515,54.515,54.515,5.3,3.574,19.0,0.946,0.946,0.604,0.604,17.287,17.287,17.287,0.823,0.265,3.771,0.001,0.001,0.012,0.014
census_income_kdd,RuleKit_mincov-10perMinClass_measure-Correlation_maxNbRules-25perOrgRules,2,45.587,45.587,45.587,4.6,3.405,15.7,0.919,0.918,0.665,0.665,19.213,19.213,19.213,0.516,0.251,2.359,0.046,0.046,0.101,0.102
census_income_kdd,RuleKit_mincov-10perMinClass_measure-Correlation_maxNbRules-3,2,54.038,54.038,54.038,6.0,3.467,20.8,0.939,0.938,0.714,0.713,9.593,9.593,9.593,0.0,0.172,1.033,0.008,0.009,0.018,0.018
census_income_kdd,RuleKit_mincov-10perMinClass_measure-Correlation_maxNbRules-5,2,97.729,97.729,97.729,10.0,3.48,34.8,0.946,0.946,0.656,0.654,20.285,20.285,20.285,0.0,0.187,1.874,0.001,0.001,0.04,0.041
census_income_kdd,RuleKit_mincov-10perMinClass_measure-Correlation_maxNbRules-50perOrgRules,2,48.229,48.229,48.229,6.0,3.433,20.8,0.934,0.934,0.723,0.721,9.873,9.873,9.873,0.943,0.304,4.59,0.016,0.017,0.027,0.027
census_income_kdd,RuleKit_mincov-5_measure-C2,2,4745.714,4745.714,4745.714,2549.5,5.604,14311.8,0.948,0.948,0.685,0.685,1094.615,1094.615,1094.615,235.767,0.149,1634.291,0.001,0.001,0.015,0.015
census_income_kdd,RuleKit_mincov-5_measure-C2_maxNbRules-10,2,72.215,72.215,72.215,20.0,4.115,82.3,0.924,0.924,0.759,0.759,19.341,19.341,19.341,0.0,0.156,3.129,0.001,0.002,0.006,0.009
census_income_kdd,RuleKit_mincov-5_measure-C2_maxNbRules-100,2,495.753,495.753,495.753,200.0,4.716,943.3,0.948,0.948,0.689,0.688,47.162,47.162,47.162,0.0,0.054,10.894,0.0,0.001,0.006,0.008
census_income_kdd,RuleKit_mincov-5_measure-C2_maxNbRules-10perOrgRules,2,1180.382,1180.382,1180.382,509.8,5.209,2658.2,0.949,0.948,0.678,0.677,191.563,191.563,191.563,47.003,0.091,281.94,0.001,0.001,0.009,0.006
census_income_kdd,RuleKit_mincov-5_measure-C2_maxNbRules-25perOrgRules,2,2318.101,2318.101,2318.101,1254.2,5.94,7449.6,0.948,0.948,0.672,0.672,395.907,395.907,395.907,113.718,0.144,690.393,0.001,0.001,0.021,0.021
census_income_kdd,RuleKit_mincov-5_measure-C2_maxNbRules-3,2,5.26,5.26,5.26,6.0,3.667,22.0,0.778,0.778,0.791,0.79,0.429,0.429,0.429,0.0,0.136,0.816,0.001,0.003,0.001,0.005
census_income_kdd,RuleKit_mincov-5_measure-C2_maxNbRules-5,2,20.527,20.527,20.527,10.0,3.63,36.3,0.875,0.874,0.782,0.78,10.376,10.376,10.376,0.0,0.149,1.494,0.0,0.002,0.004,0.006
census_income_kdd,RuleKit_mincov-5_measure-C2_maxNbRules-50perOrgRules,2,3890.432,3890.432,3890.432,2399.2,6.03,14520.6,0.947,0.947,0.687,0.686,1475.593,1475.593,1475.593,309.075,0.269,2240.656,0.001,0.001,0.028,0.027
census_income_kdd,RuleKit_mincov-5_measure-Correlation,2,2383.435,2383.435,2383.435,130.9,3.682,483.8,0.921,0.92,0.734,0.735,536.941,536.941,536.941,19.796,0.242,91.404,0.028,0.03,0.048,0.048
census_income_kdd,RuleKit_mincov-5_measure-Correlation_maxNbRules-10,2,241.823,241.823,241.823,20.0,3.525,70.5,0.946,0.946,0.641,0.64,53.222,53.222,53.222,0.0,0.142,2.838,0.001,0.001,0.025,0.025
census_income_kdd,RuleKit_mincov-5_measure-Correlation_maxNbRules-100,2,2103.208,2103.208,2103.208,124.7,3.494,443.2,0.939,0.939,0.64,0.642,665.443,665.443,665.443,31.665,0.323,146.447,0.019,0.018,0.078,0.08
census_income_kdd,RuleKit_mincov-5_measure-Correlation_maxNbRules-10perOrgRules,2,333.348,333.348,333.348,26.4,3.676,97.2,0.946,0.946,0.658,0.657,103.579,103.579,103.579,3.978,0.131,16.123,0.001,0.001,0.029,0.029
census_income_kdd,RuleKit_mincov-5_measure-Correlation_maxNbRules-25perOrgRules,2,886.783,886.783,886.783,60.4,3.721,226.1,0.945,0.945,0.641,0.641,191.971,191.971,191.971,8.276,0.329,47.182,0.002,0.002,0.066,0.066
census_income_kdd,RuleKit_mincov-5_measure-Correlation_maxNbRules-3,2,52.914,52.914,52.914,6.0,3.467,20.8,0.939,0.938,0.714,0.713,10.94,10.94,10.94,0.0,0.172,1.033,0.008,0.009,0.018,0.018
census_income_kdd,RuleKit_mincov-5_measure-Correlation_maxNbRules-5,2,99.487,99.487,99.487,10.0,3.48,34.8,0.946,0.946,0.656,0.654,22.655,22.655,22.655,0.0,0.187,1.874,0.001,0.001,0.04,0.041
census_income_kdd,RuleKit_mincov-5_measure-Correlation_maxNbRules-50perOrgRules,2,1647.729,1647.729,1647.729,102.2,3.571,368.9,0.94,0.94,0.635,0.635,594.727,594.727,594.727,20.88,0.3,104.473,0.015,0.015,0.083,0.08
census_income_kdd,rulefit,2,419.105,932.475,419.627,21.3,3.137,66.7,0.948,0.948,0.599,0.6,37.149,100.243,37.221,2.111,0.165,6.219,0.002,0.002,0.018,0.018
fars,AQ15,8,17.111,17.111,17.111,44.6,5.465,245.8,0.423,0.422,0.282,0.156,6.132,6.132,6.132,15.027,0.502,97.738,0.004,0.004,0.012,0.019
fars,CN2_default,8,5102.032,5106.647,5102.483,6139.4,4.108,25222.7,0.846,0.267,0.72,0.128,341.6,341.901,341.691,313.782,0.03,1396.288,0.004,0.003,0.018,0.007
fars,CN2_v2,8,2201.191,2203.2,2201.376,6882.1,5.021,34608.5,0.883,0.264,0.698,0.127,351.554,351.907,351.572,546.915,0.172,3661.409,0.007,0.003,0.02,0.006
fars,IDS,8,54.074,54.101,54.079,15.2,1.963,29.8,0.417,0.417,0.125,0.127,5.576,5.583,5.574,3.853,0.046,7.451,0.0,0.0,0.0,0.006
fars,JRip,8,171.698,2912.976,201.794,51.8,6.741,348.3,0.723,0.719,0.471,0.466,21.486,727.395,26.525,4.984,0.392,28.764,0.007,0.007,0.007,0.022
fars,LORD,8,5.954,5.954,5.954,17597.1,7.377,129800.2,,0.782,,,0.933,0.933,0.933,306.03,0.075,1865.877,,0.005,,
fars,MLRules,8,498.625,499.081,498.663,100.0,10.748,1074.8,0.795,0.792,0.473,0.476,11.146,11.204,11.159,0.0,0.125,12.524,0.001,0.002,0.006,0.016
fars,OneR,8,0.423,0.48,0.423,3.0,1.0,3.0,0.615,0.615,0.25,0.254,0.087,0.206,0.087,0.0,0.0,0.0,0.0,0.0,0.0,0.011
fars,RuleKit_mincov-10perMinClass_measure-C2,8,1066.057,1066.057,1066.057,1718.9,8.478,14598.1,0.786,0.781,0.513,0.513,275.386,275.386,275.386,205.469,0.167,1963.979,0.007,0.007,0.016,0.025
fars,RuleKit_mincov-10perMinClass_measure-C2_maxNbRules-10,8,52.086,52.086,52.086,74.1,8.2,607.6,0.78,0.779,0.453,0.452,8.38,8.38,8.38,0.316,0.212,15.586,0.007,0.007,0.023,0.032
fars,RuleKit_mincov-10perMinClass_measure-C2_maxNbRules-100,8,403.675,403.675,403.675,575.6,7.924,4562.2,0.769,0.766,0.51,0.512,53.2,53.2,53.2,12.267,0.166,170.227,0.02,0.022,0.02,0.036
fars,RuleKit_mincov-10perMinClass_measure-C2_maxNbRules-10perOrgRules,8,847.576,847.576,847.576,901.7,7.486,6741.0,0.777,0.774,0.493,0.494,229.19,229.19,229.19,83.995,0.171,543.943,0.011,0.013,0.014,0.03
fars,RuleKit_mincov-10perMinClass_measure-C2_maxNbRules-25perOrgRules,8,1594.277,1594.277,1594.277,1541.9,7.446,11477.6,0.786,0.781,0.507,0.502,371.727,371.727,371.727,161.01,0.148,1188.93,0.001,0.003,0.016,0.033
fars,RuleKit_mincov-10perMinClass_measure-C2_maxNbRules-3,8,11.499,11.499,11.499,24.0,8.121,194.9,0.768,0.767,0.407,0.411,1.879,1.879,1.879,0.0,0.25,5.99,0.001,0.001,0.012,0.02
fars,RuleKit_mincov-10perMinClass_measure-C2_maxNbRules-5,8,22.574,22.574,22.574,40.0,7.935,317.4,0.777,0.776,0.443,0.438,3.178,3.178,3.178,0.0,0.208,8.303,0.009,0.009,0.021,0.025
fars,RuleKit_mincov-10perMinClass_measure-C2_maxNbRules-50perOrgRules,8,2445.106,2445.106,2445.106,2365.1,7.296,17311.4,0.788,0.78,0.52,0.511,619.465,619.465,619.465,236.075,0.315,2381.461,0.005,0.005,0.014,0.032
fars,RuleKit_mincov-10perMinClass_measure-Correlation,8,78.254,78.254,78.254,77.1,8.499,655.4,0.723,0.723,0.515,0.516,18.696,18.696,18.696,5.486,0.189,50.025,0.024,0.023,0.019,0.028
fars,RuleKit_mincov-10perMinClass_measure-Correlation_maxNbRules-10,8,74.515,74.515,74.515,55.5,7.235,401.3,0.736,0.736,0.452,0.456,11.39,11.39,11.39,2.014,0.252,14.33,0.036,0.035,0.027,0.028
fars,RuleKit_mincov-10perMinClass_measure-Correlation_maxNbRules-100,8,136.322,136.322,136.322,199.3,7.426,1479.7,0.711,0.711,0.499,0.501,26.59,26.59,26.59,9.19,0.095,61.511,0.022,0.024,0.01,0.023
fars,RuleKit_mincov-10perMinClass_measure-Correlation_maxNbRules-10perOrgRules,8,88.496,88.496,88.496,49.9,7.162,357.4,0.746,0.745,0.429,0.433,20.247,20.247,20.247,2.601,0.313,24.659,0.025,0.026,0.021,0.024
fars,RuleKit_mincov-10perMinClass_measure-Correlation_maxNbRules-25perOrgRules,8,125.082,125.082,125.082,78.2,7.959,622.4,0.726,0.726,0.496,0.499,23.565,23.565,23.565,3.084,0.223,29.904,0.026,0.027,0.018,0.022
fars,RuleKit_mincov-10perMinClass_measure-Correlation_maxNbRules-3,8,22.196,22.196,22.196,24.0,7.642,183.4,0.768,0.767,0.419,0.424,2.38,2.38,2.38,0.0,0.26,6.24,0.001,0.002,0.001,0.016
fars,RuleKit_mincov-10perMinClass_measure-Correlation_maxNbRules-5,8,48.697,48.697,48.697,37.4,7.092,265.2,0.759,0.758,0.417,0.422,7.881,7.881,7.881,1.265,0.188,10.475,0.013,0.013,0.003,0.016
fars,RuleKit_mincov-10perMinClass_measure-Correlation_maxNbRules-50perOrgRules,8,143.104,143.104,143.104,117.2,7.852,919.8,0.707,0.707,0.491,0.495,30.396,30.396,30.396,6.941,0.255,53.917,0.049,0.048,0.026,0.031
fars,RuleKit_mincov-5_measure-C2,8,1071.352,1071.352,1071.352,1718.9,8.478,14598.1,0.786,0.781,0.513,0.513,279.208,279.208,279.208,205.469,0.167,1963.979,0.007,0.007,0.016,0.025
fars,RuleKit_mincov-5_measure-C2_maxNbRules-10,8,52.032,52.032,52.032,74.1,8.2,607.6,0.78,0.779,0.453,0.452,7.997,7.997,7.997,0.316,0.212,15.586,0.007,0.007,0.023,0.032
fars,RuleKit_mincov-5_measure-C2_maxNbRules-100,8,401.266,401.266,401.266,575.6,7.924,4562.2,0.769,0.766,0.51,0.512,56.022,56.022,56.022,12.267,0.166,170.227,0.02,0.022,0.02,0.036
fars,RuleKit_mincov-5_measure-C2_maxNbRules-10perOrgRules,8,833.772,833.772,833.772,901.7,7.486,6741.0,0.777,0.774,0.493,0.494,233.183,233.183,233.183,83.995,0.171,543.943,0.011,0.013,0.014,0.03
fars,RuleKit_mincov-5_measure-C2_maxNbRules-25perOrgRules,8,1591.757,1591.757,1591.757,1541.9,7.446,11477.6,0.786,0.781,0.507,0.502,389.027,389.027,389.027,161.01,0.148,1188.93,0.001,0.003,0.016,0.033
fars,RuleKit_mincov-5_measure-C2_maxNbRules-3,8,11.077,11.077,11.077,24.0,8.121,194.9,0.768,0.767,0.407,0.411,1.474,1.474,1.474,0.0,0.25,5.99,0.001,0.001,0.012,0.02
fars,RuleKit_mincov-5_measure-C2_maxNbRules-5,8,22.848,22.848,22.848,40.0,7.935,317.4,0.777,0.776,0.443,0.438,3.396,3.396,3.396,0.0,0.208,8.303,0.009,0.009,0.021,0.025
fars,RuleKit_mincov-5_measure-C2_maxNbRules-50perOrgRules,8,2445.35,2445.35,2445.35,2365.1,7.296,17311.4,0.788,0.78,0.52,0.511,683.412,683.412,683.412,236.075,0.315,2381.461,0.005,0.005,0.014,0.032
fars,RuleKit_mincov-5_measure-Correlation,8,78.735,78.735,78.735,77.1,8.499,655.4,0.723,0.723,0.515,0.516,16.741,16.741,16.741,5.486,0.189,50.025,0.024,0.023,0.019,0.028
fars,RuleKit_mincov-5_measure-Correlation_maxNbRules-10,8,74.636,74.636,74.636,55.5,7.235,401.3,0.736,0.736,0.452,0.456,12.272,12.272,12.272,2.014,0.252,14.33,0.036,0.035,0.027,0.028
fars,RuleKit_mincov-5_measure-Correlation_maxNbRules-100,8,139.093,139.093,139.093,199.3,7.426,1479.7,0.711,0.711,0.499,0.501,27.643,27.643,27.643,9.19,0.095,61.511,0.022,0.024,0.01,0.023
fars,RuleKit_mincov-5_measure-Correlation_maxNbRules-10perOrgRules,8,85.773,85.773,85.773,49.9,7.162,357.4,0.746,0.745,0.429,0.433,19.042,19.042,19.042,2.601,0.313,24.659,0.025,0.026,0.021,0.024
fars,RuleKit_mincov-5_measure-Correlation_maxNbRules-25perOrgRules,8,125.886,125.886,125.886,78.2,7.959,622.4,0.726,0.726,0.496,0.499,27.27,27.27,27.27,3.084,0.223,29.904,0.026,0.027,0.018,0.022
fars,RuleKit_mincov-5_measure-Correlation_maxNbRules-3,8,21.654,21.654,21.654,24.0,7.642,183.4,0.768,0.767,0.419,0.424,2.349,2.349,2.349,0.0,0.26,6.24,0.001,0.002,0.001,0.016
fars,RuleKit_mincov-5_measure-Correlation_maxNbRules-5,8,47.96,47.96,47.96,37.4,7.092,265.2,0.759,0.758,0.417,0.422,6.893,6.893,6.893,1.265,0.188,10.475,0.013,0.013,0.003,0.016
fars,RuleKit_mincov-5_measure-Correlation_maxNbRules-50perOrgRules,8,145.746,145.746,145.746,117.2,7.852,919.8,0.707,0.707,0.491,0.495,30.519,30.519,30.519,6.941,0.255,53.917,0.049,0.048,0.026,0.031
nursery,AQ15,5,3.27,3.27,3.27,204.0,5.386,1098.9,1.0,0.998,1.0,0.979,0.078,0.078,0.078,7.102,0.038,42.894,0.0,0.001,0.0,0.063
nursery,CN2_default,5,4.663,4.67,4.664,260.2,2.694,701.4,1.0,0.996,1.0,0.997,0.374,0.373,0.374,20.773,0.058,64.367,0.0,0.003,0.0,0.003
nursery,CN2_v2,5,1.318,1.322,1.318,222.9,2.825,630.3,0.998,0.996,0.795,0.949,0.081,0.081,0.081,11.704,0.07,45.424,0.001,0.001,0.004,0.083
nursery,IDS,5,8.498,8.502,8.499,18.8,1.969,37.0,0.763,0.763,0.467,0.561,0.232,0.232,0.232,2.781,0.027,5.333,0.027,0.029,0.016,0.049
nursery,JRip,5,9.356,71.288,10.439,117.0,4.559,534.7,0.979,0.965,0.866,0.851,3.0,22.61,3.309,13.14,0.117,73.42,0.004,0.007,0.108,0.084
nursery,LORD,5,0.234,0.234,0.234,572.5,5.291,3029.2,,0.985,,,0.226,0.226,0.226,11.128,0.024,59.935,,0.004,,
nursery,MLRules,5,4.278,4.86,4.289,100.0,3.641,364.1,0.978,0.975,0.736,0.871,0.136,1.68,0.165,0.0,0.087,8.711,0.002,0.003,0.008,0.074
nursery,OneR,5,0.008,0.013,0.008,3.0,1.0,3.0,0.71,0.71,0.435,0.522,0.007,0.011,0.007,0.0,0.0,0.0,0.001,0.009,0.001,0.045
nursery,RuleKit_mincov-10perMinClass_measure-C2,5,1.222,1.222,1.222,303.0,4.649,1408.8,0.953,0.945,0.648,0.765,0.171,0.171,0.171,6.018,0.021,29.333,0.005,0.008,0.024,0.075
nursery,RuleKit_mincov-10perMinClass_measure-C2_maxNbRules-10,5,0.285,0.285,0.285,32.4,2.906,94.2,0.878,0.876,0.603,0.647,0.081,0.081,0.081,0.699,0.091,4.541,0.009,0.012,0.099,0.055
nursery,RuleKit_mincov-10perMinClass_measure-C2_maxNbRules-100,5,1.098,1.098,1.098,252.2,5.078,1280.8,0.946,0.936,0.649,0.717,0.146,0.146,0.146,2.53,0.031,17.19,0.004,0.009,0.072,0.066
nursery,RuleKit_mincov-10perMinClass_measure-C2_maxNbRules-10perOrgRules,5,0.568,0.568,0.568,93.3,3.985,371.9,0.913,0.909,0.616,0.72,0.058,0.058,0.058,1.889,0.08,12.775,0.004,0.008,0.036,0.074
nursery,RuleKit_mincov-10perMinClass_measure-C2_maxNbRules-25perOrgRules,5,0.948,0.948,0.948,210.3,4.914,1033.6,0.943,0.934,0.609,0.708,0.045,0.045,0.045,4.968,0.037,30.776,0.005,0.005,0.017,0.066
nursery,RuleKit_mincov-10perMinClass_measure-C2_maxNbRules-3,5,0.214,0.214,0.214,11.7,2.409,28.3,0.758,0.755,0.687,0.582,0.074,0.074,0.074,0.483,0.264,4.138,0.008,0.014,0.007,0.054
nursery,RuleKit_mincov-10perMinClass_measure-C2_maxNbRules-5,5,0.193,0.193,0.193,16.7,2.54,42.5,0.828,0.827,0.734,0.629,0.074,0.074,0.074,0.483,0.188,4.223,0.004,0.011,0.017,0.056
nursery,RuleKit_mincov-10perMinClass_measure-C2_maxNbRules-50perOrgRules,5,1.278,1.278,1.278,298.5,5.199,1552.1,0.946,0.94,0.61,0.712,0.136,0.136,0.136,6.276,0.041,41.664,0.006,0.007,0.015,0.073
nursery,RuleKit_mincov-10perMinClass_measure-Correlation,5,0.289,0.289,0.289,21.5,2.161,46.5,0.777,0.776,0.638,0.763,0.064,0.064,0.064,0.972,0.048,3.1,0.009,0.014,0.004,0.067
nursery,RuleKit_mincov-10perMinClass_measure-Correlation_maxNbRules-10,5,0.359,0.359,0.359,21.4,2.158,46.2,0.777,0.776,0.638,0.763,0.143,0.143,0.143,0.699,0.039,2.201,0.009,0.014,0.005,0.067
nursery,RuleKit_mincov-10perMinClass_measure-Correlation_maxNbRules-100,5,0.333,0.333,0.333,21.3,2.163,46.1,0.787,0.785,0.636,0.756,0.089,0.089,0.089,1.16,0.048,3.414,0.025,0.027,0.006,0.062
nursery,RuleKit_mincov-10perMinClass_measure-Correlation_maxNbRules-10perOrgRules,5,0.165,0.165,0.165,8.0,1.888,15.1,0.659,0.659,0.721,0.624,0.046,0.046,0.046,0.0,0.04,0.316,0.001,0.01,0.002,0.055
nursery,RuleKit_mincov-10perMinClass_measure-Correlation_maxNbRules-25perOrgRules,5,0.293,0.293,0.293,17.0,2.032,34.6,0.754,0.753,0.613,0.736,0.078,0.078,0.078,1.633,0.044,4.033,0.011,0.017,0.006,0.067
nursery,RuleKit_mincov-10perMinClass_measure-Correlation_maxNbRules-3,5,0.183,0.183,0.183,10.9,1.982,21.6,0.674,0.674,0.751,0.659,0.06,0.06,0.06,0.316,0.057,0.843,0.022,0.021,0.011,0.06
nursery,RuleKit_mincov-10perMinClass_measure-Correlation_maxNbRules-5,5,0.264,0.264,0.264,16.1,2.006,32.3,0.757,0.756,0.612,0.733,0.099,0.099,0.099,0.316,0.02,0.675,0.01,0.015,0.005,0.069
nursery,RuleKit_mincov-10perMinClass_measure-Correlation_maxNbRules-50perOrgRules,5,0.358,0.358,0.358,21.4,2.158,46.2,0.777,0.776,0.638,0.763,0.094,0.094,0.094,0.699,0.039,2.201,0.009,0.014,0.005,0.067
nursery,RuleKit_mincov-5_measure-C2,5,1.224,1.224,1.224,303.0,4.649,1408.8,0.953,0.945,0.648,0.765,0.179,0.179,0.179,6.018,0.021,29.333,0.005,0.008,0.024,0.075
nursery,RuleKit_mincov-5_measure-C2_maxNbRules-10,5,0.269,0.269,0.269,32.4,2.906,94.2,0.878,0.876,0.603,0.647,0.07,0.07,0.07,0.699,0.091,4.541,0.009,0.012,0.099,0.055
nursery,RuleKit_mincov-5_measure-C2_maxNbRules-100,5,1.1,1.1,1.1,252.2,5.078,1280.8,0.946,0.936,0.649,0.717,0.072,0.072,0.072,2.53,0.031,17.19,0.004,0.009,0.072,0.066
nursery,RuleKit_mincov-5_measure-C2_maxNbRules-10perOrgRules,5,0.588,0.588,0.588,93.3,3.985,371.9,0.913,0.909,0.616,0.72,0.132,0.132,0.132,1.889,0.08,12.775,0.004,0.008,0.036,0.074
nursery,RuleKit_mincov-5_measure-C2_maxNbRules-25perOrgRules,5,1.028,1.028,1.028,210.3,4.914,1033.6,0.943,0.934,0.609,0.708,0.102,0.102,0.102,4.968,0.037,30.776,0.005,0.005,0.017,0.066
nursery,RuleKit_mincov-5_measure-C2_maxNbRules-3,5,0.18,0.18,0.18,11.7,2.409,28.3,0.758,0.755,0.687,0.582,0.046,0.046,0.046,0.483,0.264,4.138,0.008,0.014,0.007,0.054
nursery,RuleKit_mincov-5_measure-C2_maxNbRules-5,5,0.229,0.229,0.229,16.7,2.54,42.5,0.828,0.827,0.734,0.629,0.091,0.091,0.091,0.483,0.188,4.223,0.004,0.011,0.017,0.056
nursery,RuleKit_mincov-5_measure-C2_maxNbRules-50perOrgRules,5,1.314,1.314,1.314,298.5,5.199,1552.1,0.946,0.94,0.61,0.712,0.117,0.117,0.117,6.276,0.041,41.664,0.006,0.007,0.015,0.073
nursery,RuleKit_mincov-5_measure-Correlation,5,0.274,0.274,0.274,21.5,2.161,46.5,0.777,0.776,0.638,0.763,0.034,0.034,0.034,0.972,0.048,3.1,0.009,0.014,0.004,0.067
nursery,RuleKit_mincov-5_measure-Correlation_maxNbRules-10,5,0.362,0.362,0.362,21.4,2.158,46.2,0.777,0.776,0.638,0.763,0.119,0.119,0.119,0.699,0.039,2.201,0.009,0.014,0.005,0.067
nursery,RuleKit_mincov-5_measure-Correlation_maxNbRules-100,5,0.38,0.38,0.38,21.3,2.163,46.1,0.787,0.785,0.636,0.756,0.109,0.109,0.109,1.16,0.048,3.414,0.025,0.027,0.006,0.062
nursery,RuleKit_mincov-5_measure-Correlation_maxNbRules-10perOrgRules,5,0.164,0.164,0.164,8.0,1.888,15.1,0.659,0.659,0.721,0.624,0.09,0.09,0.09,0.0,0.04,0.316,0.001,0.01,0.002,0.055
nursery,RuleKit_mincov-5_measure-Correlation_maxNbRules-25perOrgRules,5,0.199,0.199,0.199,17.0,2.032,34.6,0.754,0.753,0.613,0.736,0.025,0.025,0.025,1.633,0.044,4.033,0.011,0.017,0.006,0.067
nursery,RuleKit_mincov-5_measure-Correlation_maxNbRules-3,5,0.202,0.202,0.202,10.9,1.982,21.6,0.674,0.674,0.751,0.659,0.056,0.056,0.056,0.316,0.057,0.843,0.022,0.021,0.011,0.06
nursery,RuleKit_mincov-5_measure-Correlation_maxNbRules-5,5,0.242,0.242,0.242,16.1,2.006,32.3,0.757,0.756,0.612,0.733,0.091,0.091,0.091,0.316,0.02,0.675,0.01,0.015,0.005,0.069
nursery,RuleKit_mincov-5_measure-Correlation_maxNbRules-50perOrgRules,5,0.285,0.285,0.285,21.4,2.158,46.2,0.777,0.776,0.638,0.763,0.073,0.073,0.073,0.699,0.039,2.201,0.009,0.014,0.005,0.067
pendigits,AQ15,10,15.635,15.635,15.635,611.75,5.53,3382.875,1.0,0.964,1.0,0.965,0.967,0.967,0.967,26.261,0.037,146.22,0.0,0.005,0.0,0.005
pendigits,CN2_default,10,65.786,65.852,65.798,495.7,2.269,1123.1,1.0,0.098,1.0,0.098,4.689,4.69,4.69,37.491,0.063,63.609,0.0,0.009,0.0,0.009
pendigits,CN2_v2,10,241.197,241.423,241.208,991.9,2.127,2109.3,0.984,0.098,0.984,0.098,12.298,12.307,12.3,38.095,0.02,81.429,0.002,0.007,0.002,0.007
pendigits,IDS,10,9.466,9.47,9.466,17.6,2.0,35.2,0.104,0.104,0.1,0.1,0.713,0.713,0.713,4.006,0.0,8.011,0.0,0.0,0.0,0.0
pendigits,JRip,10,3.129,14.391,3.358,76.9,3.641,280.0,0.989,0.964,0.989,0.964,0.344,2.624,0.344,3.957,0.123,16.859,0.001,0.006,0.001,0.006
pendigits,LORD,10,0.34,0.34,0.34,1262.9,3.403,4297.3,,0.925,,,0.245,0.245,0.245,30.109,0.02,88.828,,0.008,,
pendigits,MLRules,10,4.414,4.47,4.414,100.0,8.231,823.1,0.978,0.962,0.978,0.962,0.124,0.144,0.124,0.0,0.2,20.041,0.002,0.005,0.002,0.005
pendigits,OneR,10,0.026,0.046,0.026,22.7,1.0,22.7,0.404,0.392,0.399,0.388,0.012,0.046,0.012,2.541,0.0,2.541,0.002,0.016,0.002,0.015
pendigits,RuleKit_mincov-10perMinClass_measure-C2,10,1.489,1.489,1.489,42.6,6.287,267.8,0.901,0.887,0.901,0.887,0.496,0.496,0.496,1.43,0.18,11.144,0.01,0.016,0.01,0.016
pendigits,RuleKit_mincov-10perMinClass_measure-C2_maxNbRules-10,10,4.441,4.441,4.441,99.2,6.429,637.8,0.942,0.929,0.942,0.93,1.549,1.549,1.549,1.549,0.067,13.24,0.002,0.006,0.002,0.006
pendigits,RuleKit_mincov-10perMinClass_measure-C2_maxNbRules-100,10,19.226,19.226,19.226,628.2,5.934,3727.9,0.953,0.936,0.953,0.936,8.046,8.046,8.046,12.891,0.072,89.492,0.003,0.009,0.003,0.009
pendigits,RuleKit_mincov-10perMinClass_measure-C2_maxNbRules-10perOrgRules,10,2.876,2.876,2.876,41.0,6.514,267.1,0.885,0.875,0.884,0.875,0.635,0.635,0.635,3.162,0.093,21.367,0.009,0.009,0.009,0.009
pendigits,RuleKit_mincov-10perMinClass_measure-C2_maxNbRules-25perOrgRules,10,8.827,8.827,8.827,105.8,6.367,673.6,0.942,0.93,0.941,0.93,1.849,1.849,1.849,4.709,0.103,30.747,0.004,0.006,0.004,0.006
pendigits,RuleKit_mincov-10perMinClass_measure-C2_maxNbRules-3,10,1.247,1.247,1.247,30.0,6.5,195.0,0.852,0.841,0.851,0.84,0.374,0.374,0.374,0.0,0.133,4.0,0.012,0.015,0.012,0.015
pendigits,RuleKit_mincov-10perMinClass_measure-C2_maxNbRules-5,10,1.92,1.92,1.92,49.9,6.533,326.0,0.907,0.894,0.907,0.894,0.657,0.657,0.657,0.316,0.085,4.243,0.01,0.013,0.01,0.014
pendigits,RuleKit_mincov-10perMinClass_measure-C2_maxNbRules-50perOrgRules,10,15.565,15.565,15.565,200.1,6.292,1258.7,0.952,0.936,0.952,0.936,3.224,3.224,3.224,9.362,0.092,54.987,0.002,0.006,0.002,0.006
pendigits,RuleKit_mincov-10perMinClass_measure-Correlation,10,2.164,2.164,2.164,27.0,6.612,178.5,0.885,0.877,0.885,0.876,0.592,0.592,0.592,1.414,0.159,9.835,0.012,0.017,0.012,0.017
pendigits,RuleKit_mincov-10perMinClass_measure-Correlation_maxNbRules-10,10,9.875,9.875,9.875,96.0,6.801,652.9,0.934,0.923,0.934,0.923,3.279,3.279,3.279,1.563,0.114,16.875,0.006,0.008,0.007,0.008
pendigits,RuleKit_mincov-10perMinClass_measure-Correlation_maxNbRules-100,10,36.189,36.189,36.189,404.7,6.838,2768.1,0.932,0.922,0.932,0.922,10.727,10.727,10.727,15.528,0.091,133.508,0.004,0.007,0.004,0.007
pendigits,RuleKit_mincov-10perMinClass_measure-Correlation_maxNbRules-10perOrgRules,10,3.816,3.816,3.816,30.0,6.713,201.4,0.891,0.883,0.89,0.882,0.857,0.857,0.857,0.0,0.191,5.739,0.004,0.012,0.004,0.012
pendigits,RuleKit_mincov-10perMinClass_measure-Correlation_maxNbRules-25perOrgRules,10,13.113,13.113,13.113,69.7,6.92,482.0,0.927,0.918,0.927,0.918,3.251,3.251,3.251,4.523,0.18,27.729,0.007,0.007,0.007,0.007
pendigits,RuleKit_mincov-10perMinClass_measure-Correlation_maxNbRules-3,10,2.281,2.281,2.281,30.0,6.713,201.4,0.891,0.883,0.89,0.882,0.645,0.645,0.645,0.0,0.191,5.739,0.004,0.012,0.004,0.012
pendigits,RuleKit_mincov-10perMinClass_measure-Correlation_maxNbRules-5,10,5.011,5.011,5.011,50.0,6.918,345.9,0.912,0.905,0.912,0.905,1.631,1.631,1.631,0.0,0.087,4.358,0.017,0.017,0.017,0.018
pendigits,RuleKit_mincov-10perMinClass_measure-Correlation_maxNbRules-50perOrgRules,10,24.665,24.665,24.665,126.1,6.861,865.2,0.938,0.93,0.938,0.93,5.911,5.911,5.911,6.674,0.116,47.408,0.004,0.004,0.004,0.004
pendigits,RuleKit_mincov-5_measure-C2,10,11.261,11.261,11.261,318.9,5.943,1895.3,0.957,0.94,0.957,0.941,4.419,4.419,4.419,10.461,0.064,65.403,0.002,0.006,0.002,0.006
pendigits,RuleKit_mincov-5_measure-C2_maxNbRules-10,10,4.46,4.46,4.46,99.2,6.429,637.8,0.942,0.929,0.942,0.93,1.684,1.684,1.684,1.549,0.067,13.24,0.002,0.006,0.002,0.006
pendigits,RuleKit_mincov-5_measure-C2_maxNbRules-100,10,19.188,19.188,19.188,628.2,5.934,3727.9,0.953,0.936,0.953,0.936,8.002,8.002,8.002,12.891,0.072,89.492,0.003,0.009,0.003,0.009
pendigits,RuleKit_mincov-5_measure-C2_maxNbRules-10perOrgRules,10,21.373,21.373,21.373,280.6,6.204,1740.7,0.954,0.94,0.954,0.94,5.185,5.185,5.185,8.435,0.106,57.244,0.002,0.007,0.002,0.007
pendigits,RuleKit_mincov-5_measure-C2_maxNbRules-25perOrgRules,10,36.48,36.48,36.48,556.8,6.0,3341.0,0.954,0.937,0.954,0.937,9.862,9.862,9.862,21.472,0.071,138.273,0.003,0.007,0.003,0.007
pendigits,RuleKit_mincov-5_measure-C2_maxNbRules-3,10,1.176,1.176,1.176,30.0,6.5,195.0,0.852,0.841,0.851,0.84,0.339,0.339,0.339,0.0,0.133,4.0,0.012,0.015,0.012,0.015
pendigits,RuleKit_mincov-5_measure-C2_maxNbRules-5,10,1.972,1.972,1.972,49.9,6.533,326.0,0.907,0.894,0.907,0.894,0.605,0.605,0.605,0.316,0.085,4.243,0.01,0.013,0.01,0.014
pendigits,RuleKit_mincov-5_measure-C2_maxNbRules-50perOrgRules,10,43.252,43.252,43.252,776.5,5.912,4590.5,0.951,0.933,0.951,0.933,10.532,10.532,10.532,19.541,0.063,131.312,0.003,0.008,0.003,0.008
pendigits,RuleKit_mincov-5_measure-Correlation,10,14.909,14.909,14.909,139.5,6.407,893.9,0.93,0.919,0.93,0.919,4.764,4.764,4.764,11.787,0.098,77.998,0.005,0.01,0.005,0.01
pendigits,RuleKit_mincov-5_measure-Correlation_maxNbRules-10,10,10.288,10.288,10.288,96.0,6.801,652.9,0.934,0.923,0.934,0.923,3.759,3.759,3.759,1.563,0.114,16.875,0.006,0.008,0.007,0.008
pendigits,RuleKit_mincov-5_measure-Correlation_maxNbRules-100,10,36.023,36.023,36.023,404.7,6.838,2768.1,0.932,0.922,0.932,0.922,10.851,10.851,10.851,15.528,0.091,133.508,0.004,0.007,0.004,0.007
pendigits,RuleKit_mincov-5_measure-Correlation_maxNbRules-10perOrgRules,10,24.634,24.634,24.634,127.4,6.749,859.8,0.936,0.926,0.936,0.926,6.234,6.234,6.234,8.834,0.07,59.922,0.005,0.008,0.006,0.008
pendigits,RuleKit_mincov-5_measure-Correlation_maxNbRules-25perOrgRules,10,42.719,42.719,42.719,245.3,6.837,1677.3,0.936,0.927,0.936,0.928,10.643,10.643,10.643,12.859,0.095,92.387,0.004,0.006,0.004,0.006
pendigits,RuleKit_mincov-5_measure-Correlation_maxNbRules-3,10,2.336,2.336,2.336,30.0,6.713,201.4,0.891,0.883,0.89,0.882,0.716,0.716,0.716,0.0,0.191,5.739,0.004,0.012,0.004,0.012
pendigits,RuleKit_mincov-5_measure-Correlation_maxNbRules-5,10,4.951,4.951,4.951,50.0,6.918,345.9,0.912,0.905,0.912,0.905,1.675,1.675,1.675,0.0,0.087,4.358,0.017,0.017,0.017,0.018
pendigits,RuleKit_mincov-5_measure-Correlation_maxNbRules-50perOrgRules,10,60.109,60.109,60.109,346.6,6.821,2365.2,0.933,0.923,0.933,0.923,15.052,15.052,15.052,25.282,0.106,188.924,0.005,0.008,0.005,0.008
skin_segmentation,AQ15,2,34.637,34.637,34.637,155.4,2.658,414.8,0.987,0.987,0.969,0.969,13.463,13.463,13.463,45.434,0.083,123.813,0.013,0.013,0.031,0.03
skin_segmentation,BRCG,2,2.598,10.194,2.598,0.0,,0.0,0.792,0.792,0.5,0.5,0.057,0.069,0.057,0.0,,0.0,0.0,0.0,0.0,0.0
skin_segmentation,CN2_default,2,97.227,97.325,97.23,535.7,2.619,1390.7,1.0,0.999,1.0,0.999,59.462,59.517,59.466,242.88,0.103,596.353,0.0,0.0,0.0,0.0
skin_segmentation,CN2_v2,2,423.555,423.956,423.585,1253.2,2.165,2716.6,1.0,0.999,1.0,0.998,19.133,19.153,19.137,84.609,0.059,240.861,0.0,0.0,0.0,0.001
skin_segmentation,IDS,2,155.39,155.52,155.405,15.4,1.421,21.7,0.792,0.792,0.5,0.5,6.928,6.925,6.93,2.757,0.125,3.268,0.0,0.0,0.0,0.0
skin_segmentation,JRip,2,141.781,28069.937,647.468,35.0,5.501,192.5,1.0,0.999,1.0,0.999,41.194,4904.818,108.076,3.266,0.061,17.815,0.0,0.0,0.0,0.0
skin_segmentation,LORD,2,1.026,1.026,1.026,2302.1,2.312,5321.8,,0.997,,,0.388,0.388,0.388,81.503,0.009,191.594,,0.0,,
skin_segmentation,MLRules,2,26.97,44.626,27.337,100.0,2.212,221.2,0.996,0.996,0.996,0.996,2.875,38.641,3.26,0.0,0.029,2.936,0.0,0.001,0.001,0.001
skin_segmentation,OneR,2,0.195,0.245,0.195,5.0,1.0,5.0,0.887,0.887,0.821,0.821,0.043,0.138,0.043,0.0,0.0,0.0,0.0,0.002,0.0,0.002
skin_segmentation,RuleKit_mincov-10perMinClass_measure-C2,2,9.947,9.947,9.947,12.0,1.9,22.8,0.955,0.955,0.924,0.923,0.782,0.782,0.782,0.0,0.086,1.033,0.006,0.007,0.012,0.013
skin_segmentation,RuleKit_mincov-10perMinClass_measure-C2_maxNbRules-10,2,19.907,19.907,19.907,19.0,2.179,41.4,0.953,0.953,0.938,0.938,1.382,1.382,1.382,0.0,0.027,0.516,0.002,0.003,0.005,0.006
skin_segmentation,RuleKit_mincov-10perMinClass_measure-C2_maxNbRules-100,2,249.425,249.425,249.425,199.2,2.345,467.2,0.976,0.976,0.966,0.966,14.246,14.246,14.246,0.789,0.014,3.824,0.002,0.002,0.003,0.004
skin_segmentation,RuleKit_mincov-10perMinClass_measure-C2_maxNbRules-10perOrgRules,2,11.281,11.281,11.281,12.0,1.9,22.8,0.955,0.955,0.924,0.923,1.693,1.693,1.693,0.0,0.086,1.033,0.006,0.007,0.012,0.013
skin_segmentation,RuleKit_mincov-10perMinClass_measure-C2_maxNbRules-25perOrgRules,2,3.74,3.74,3.74,5.0,2.22,11.1,0.862,0.862,0.875,0.875,0.976,0.976,0.976,0.0,0.063,0.316,0.025,0.026,0.021,0.021
skin_segmentation,RuleKit_mincov-10perMinClass_measure-C2_maxNbRules-3,2,3.485,3.485,3.485,5.0,2.22,11.1,0.862,0.862,0.875,0.875,0.601,0.601,0.601,0.0,0.063,0.316,0.025,0.026,0.021,0.021
skin_segmentation,RuleKit_mincov-10perMinClass_measure-C2_maxNbRules-5,2,7.99,7.99,7.99,9.0,2.222,20.0,0.937,0.937,0.927,0.927,0.755,0.755,0.755,0.0,0.0,0.0,0.0,0.001,0.0,0.002
skin_segmentation,RuleKit_mincov-10perMinClass_measure-C2_maxNbRules-50perOrgRules,2,11.928,11.928,11.928,11.0,2.227,24.5,0.94,0.94,0.93,0.929,1.778,1.778,1.778,0.0,0.048,0.527,0.006,0.007,0.014,0.014
skin_segmentation,RuleKit_mincov-10perMinClass_measure-Correlation,2,7.381,7.381,7.381,6.0,2.0,12.0,0.936,0.935,0.877,0.876,0.46,0.46,0.46,0.0,0.0,0.0,0.002,0.002,0.001,0.003
skin_segmentation,RuleKit_mincov-10perMinClass_measure-Correlation_maxNbRules-10,2,30.769,30.769,30.769,19.0,2.053,39.0,0.95,0.95,0.943,0.943,3.458,3.458,3.458,0.0,0.0,0.0,0.003,0.003,0.005,0.005
skin_segmentation,RuleKit_mincov-10perMinClass_measure-Correlation_maxNbRules-100,2,375.266,375.266,375.266,164.9,2.294,378.2,0.959,0.959,0.972,0.972,17.644,17.644,17.644,5.174,0.026,8.108,0.002,0.002,0.001,0.001
skin_segmentation,RuleKit_mincov-10perMinClass_measure-Correlation_maxNbRules-10perOrgRules,2,8.115,8.115,8.115,6.0,2.0,12.0,0.936,0.935,0.877,0.876,1.395,1.395,1.395,0.0,0.0,0.0,0.002,0.002,0.001,0.003
skin_segmentation,RuleKit_mincov-10perMinClass_measure-Correlation_maxNbRules-25perOrgRules,2,3.391,3.391,3.391,3.0,2.333,7.0,0.922,0.922,0.869,0.869,0.57,0.57,0.57,0.0,0.0,0.0,0.0,0.001,0.0,0.002
skin_segmentation,RuleKit_mincov-10perMinClass_measure-Correlation_maxNbRules-3,2,4.244,4.244,4.244,5.0,2.2,11.0,0.929,0.929,0.919,0.919,0.164,0.164,0.164,0.0,0.0,0.0,0.003,0.003,0.002,0.002
skin_segmentation,RuleKit_mincov-10perMinClass_measure-Correlation_maxNbRules-5,2,11.123,11.123,11.123,9.0,2.111,19.0,0.944,0.944,0.924,0.924,0.7,0.7,0.7,0.0,0.0,0.0,0.001,0.002,0.001,0.002
skin_segmentation,RuleKit_mincov-10perMinClass_measure-Correlation_maxNbRules-50perOrgRules,2,4.513,4.513,4.513,5.0,2.2,11.0,0.929,0.929,0.919,0.919,0.787,0.787,0.787,0.0,0.0,0.0,0.003,0.003,0.002,0.002
skin_segmentation,RuleKit_mincov-5_measure-C2,2,1321.66,1321.66,1321.66,808.0,2.657,2146.9,0.981,0.981,0.985,0.985,51.063,51.063,51.063,30.858,0.019,74.572,0.001,0.002,0.001,0.001
skin_segmentation,RuleKit_mincov-5_measure-C2_maxNbRules-10,2,20.057,20.057,20.057,19.0,2.179,41.4,0.953,0.953,0.938,0.938,1.387,1.387,1.387,0.0,0.027,0.516,0.002,0.003,0.005,0.006
skin_segmentation,RuleKit_mincov-5_measure-C2_maxNbRules-100,2,249.117,249.117,249.117,199.2,2.345,467.2,0.976,0.976,0.966,0.966,14.362,14.362,14.362,0.789,0.014,3.824,0.002,0.002,0.003,0.004
skin_segmentation,RuleKit_mincov-5_measure-C2_maxNbRules-10perOrgRules,2,229.827,229.827,229.827,161.3,2.316,373.6,0.974,0.974,0.96,0.96,40.522,40.522,40.522,5.539,0.013,14.315,0.002,0.002,0.003,0.004
skin_segmentation,RuleKit_mincov-5_measure-C2_maxNbRules-25perOrgRules,2,550.373,550.373,550.373,374.4,2.466,923.5,0.986,0.986,0.99,0.99,60.803,60.803,60.803,11.108,0.017,29.845,0.001,0.002,0.001,0.001
skin_segmentation,RuleKit_mincov-5_measure-C2_maxNbRules-3,2,3.49,3.49,3.49,5.0,2.22,11.1,0.862,0.862,0.875,0.875,0.565,0.565,0.565,0.0,0.063,0.316,0.025,0.026,0.021,0.021
skin_segmentation,RuleKit_mincov-5_measure-C2_maxNbRules-5,2,7.959,7.959,7.959,9.0,2.222,20.0,0.937,0.937,0.927,0.927,0.749,0.749,0.749,0.0,0.0,0.0,0.0,0.001,0.0,0.002
skin_segmentation,RuleKit_mincov-5_measure-C2_maxNbRules-50perOrgRules,2,860.584,860.584,860.584,572.1,2.504,1432.5,0.984,0.984,0.989,0.989,68.628,68.628,68.628,23.9,0.02,66.665,0.001,0.002,0.001,0.001
skin_segmentation,RuleKit_mincov-5_measure-Correlation,2,579.226,579.226,579.226,273.3,2.295,626.6,0.962,0.962,0.965,0.965,33.226,33.226,33.226,13.63,0.056,23.349,0.002,0.003,0.002,0.004
skin_segmentation,RuleKit_mincov-5_measure-Correlation_maxNbRules-10,2,30.655,30.655,30.655,19.0,2.053,39.0,0.95,0.95,0.943,0.943,3.558,3.558,3.558,0.0,0.0,0.0,0.003,0.003,0.005,0.005
skin_segmentation,RuleKit_mincov-5_measure-Correlation_maxNbRules-100,2,376.46,376.46,376.46,164.9,2.294,378.2,0.959,0.959,0.972,0.972,17.657,17.657,17.657,5.174,0.026,8.108,0.002,0.002,0.001,0.001
skin_segmentation,RuleKit_mincov-5_measure-Correlation_maxNbRules-10perOrgRules,2,103.228,103.228,103.228,54.1,2.05,110.9,0.958,0.958,0.96,0.96,20.763,20.763,20.763,2.923,0.01,5.763,0.003,0.003,0.003,0.004
skin_segmentation,RuleKit_mincov-5_measure-Correlation_maxNbRules-25perOrgRules,2,270.103,270.103,270.103,123.2,2.182,268.8,0.961,0.961,0.969,0.969,42.508,42.508,42.508,5.181,0.05,11.868,0.001,0.002,0.001,0.002
skin_segmentation,RuleKit_mincov-5_measure-Correlation_maxNbRules-3,2,4.229,4.229,4.229,5.0,2.2,11.0,0.929,0.929,0.919,0.919,0.192,0.192,0.192,0.0,0.0,0.0,0.003,0.003,0.002,0.002
skin_segmentation,RuleKit_mincov-5_measure-Correlation_maxNbRules-5,2,11.273,11.273,11.273,9.0,2.111,19.0,0.944,0.944,0.924,0.924,0.755,0.755,0.755,0.0,0.0,0.0,0.001,0.002,0.001,0.002
skin_segmentation,RuleKit_mincov-5_measure-Correlation_maxNbRules-50perOrgRules,2,535.865,535.865,535.865,218.3,2.296,501.3,0.96,0.96,0.973,0.973,57.435,57.435,57.435,8.46,0.035,22.662,0.002,0.002,0.001,0.001
skin_segmentation,rulefit,2,227.685,1040.037,227.856,28.6,3.305,94.6,0.986,0.986,0.989,0.988,32.175,104.479,32.267,0.966,0.251,8.897,0.002,0.002,0.002,0.002
sleep,AQ15,5,6122.809,6122.809,6122.809,3620.2,8.423,30632.4,0.702,0.648,0.506,0.446,6237.179,6237.179,6237.179,2032.575,0.339,17700.448,0.065,0.038,0.096,0.066
sleep,CN2_default,5,6995.979,7002.157,6996.56,15077.5,4.396,66274.2,0.879,0.343,0.809,0.202,257.859,258.131,257.981,258.723,0.016,1081.44,0.003,0.003,0.005,0.003
sleep,CN2_v2,5,4525.177,4529.367,4525.636,14885.8,5.44,80971.9,0.902,0.328,0.866,0.203,44.384,44.364,44.358,49.828,0.034,634.209,0.001,0.005,0.002,0.005
sleep,IDS,5,60.02,60.044,60.026,17.5,1.974,34.5,0.498,0.498,0.2,0.2,3.832,3.833,3.832,2.718,0.028,5.061,0.0,0.0,0.0,0.0
sleep,JRip,5,373.751,9219.453,473.652,150.3,6.041,909.5,0.743,0.734,0.588,0.577,74.648,3263.537,105.293,16.097,0.266,119.192,0.003,0.004,0.006,0.006
sleep,LORD,5,5.119,5.119,5.119,35804.7,5.756,206083.7,,0.727,,,0.932,0.932,0.932,245.72,0.091,2396.814,,0.004,,
sleep,MLRules,5,128.843,131.231,128.904,100.0,6.824,682.4,0.741,0.74,0.608,0.606,16.904,19.789,16.936,0.0,0.076,7.633,0.001,0.002,0.002,0.004
sleep,OneR,5,0.333,1.595,0.359,4.0,1.0,4.0,0.611,0.611,0.399,0.399,0.072,2.686,0.087,0.0,0.0,0.0,0.001,0.003,0.001,0.005
sleep,RuleKit_mincov-10perMinClass_measure-C2,5,14.483,14.483,14.483,75.2,7.626,573.5,0.717,0.716,0.559,0.558,1.072,1.072,1.072,0.919,0.173,16.202,0.002,0.003,0.003,0.004
sleep,RuleKit_mincov-10perMinClass_measure-C2_maxNbRules-10,5,7.287,7.287,7.287,49.6,6.704,332.5,0.699,0.699,0.593,0.593,0.68,0.68,0.68,0.516,0.144,6.115,0.002,0.003,0.004,0.006
sleep,RuleKit_mincov-10perMinClass_measure-C2_maxNbRules-100,5,131.662,131.662,131.662,500.0,8.127,4063.7,0.721,0.72,0.624,0.622,11.83,11.83,11.83,0.0,0.054,26.879,0.001,0.002,0.002,0.004
sleep,RuleKit_mincov-10perMinClass_measure-C2_maxNbRules-10perOrgRules,5,7.976,7.976,7.976,39.0,6.544,255.2,0.684,0.685,0.578,0.578,3.193,3.193,3.193,2.108,0.096,14.336,0.005,0.007,0.003,0.005
sleep,RuleKit_mincov-10perMinClass_measure-C2_maxNbRules-25perOrgRules,5,24.09,24.09,24.09,94.9,7.065,670.5,0.706,0.705,0.605,0.604,10.388,10.388,10.388,0.316,0.089,9.083,0.002,0.005,0.004,0.008
sleep,RuleKit_mincov-10perMinClass_measure-C2_maxNbRules-3,5,1.85,1.85,1.85,14.0,5.95,83.3,0.617,0.617,0.533,0.532,0.208,0.208,0.208,0.0,0.208,2.908,0.001,0.004,0.004,0.006
sleep,RuleKit_mincov-10perMinClass_measure-C2_maxNbRules-5,5,3.241,3.241,3.241,24.8,6.156,152.6,0.664,0.664,0.567,0.566,0.378,0.378,0.378,0.422,0.167,2.171,0.002,0.003,0.002,0.003
sleep,RuleKit_mincov-10perMinClass_measure-C2_maxNbRules-50perOrgRules,5,55.974,55.974,55.974,189.4,7.623,1443.9,0.715,0.714,0.615,0.614,20.816,20.816,20.816,2.836,0.078,27.771,0.002,0.003,0.002,0.003
sleep,RuleKit_mincov-10perMinClass_measure-Correlation,5,10.616,10.616,10.616,36.0,6.372,229.4,0.708,0.708,0.543,0.543,1.111,1.111,1.111,0.0,0.108,3.893,0.001,0.003,0.006,0.007
sleep,RuleKit_mincov-10perMinClass_measure-Correlation_maxNbRules-10,5,12.311,12.311,12.311,50.0,6.19,309.5,0.706,0.706,0.56,0.56,0.904,0.904,0.904,0.0,0.078,3.923,0.001,0.003,0.001,0.004
sleep,RuleKit_mincov-10perMinClass_measure-Correlation_maxNbRules-100,5,235.327,235.327,235.327,499.8,7.598,3797.6,0.713,0.712,0.585,0.584,13.647,13.647,13.647,0.632,0.035,18.834,0.001,0.003,0.002,0.005
sleep,RuleKit_mincov-10perMinClass_measure-Correlation_maxNbRules-10perOrgRules,5,5.974,5.974,5.974,19.0,5.905,112.2,0.692,0.691,0.538,0.537,2.178,2.178,2.178,0.0,0.118,2.251,0.001,0.004,0.002,0.005
sleep,RuleKit_mincov-10perMinClass_measure-Correlation_maxNbRules-25perOrgRules,5,15.074,15.074,15.074,45.0,6.293,283.2,0.704,0.704,0.573,0.573,5.567,5.567,5.567,0.0,0.086,3.882,0.001,0.003,0.005,0.006
sleep,RuleKit_mincov-10perMinClass_measure-Correlation_maxNbRules-3,5,2.996,2.996,2.996,14.0,5.571,78.0,0.683,0.683,0.542,0.542,0.331,0.331,0.331,0.0,0.202,2.828,0.003,0.004,0.005,0.006
sleep,RuleKit_mincov-10perMinClass_measure-Correlation_maxNbRules-5,5,5.407,5.407,5.407,25.0,5.808,145.2,0.704,0.703,0.557,0.557,0.488,0.488,0.488,0.0,0.096,2.394,0.002,0.002,0.004,0.005
sleep,RuleKit_mincov-10perMinClass_measure-Correlation_maxNbRules-50perOrgRules,5,35.577,35.577,35.577,90.0,6.733,606.0,0.71,0.709,0.572,0.571,11.099,11.099,11.099,0.0,0.043,3.887,0.001,0.002,0.003,0.004
sleep,RuleKit_mincov-5_measure-C2,5,1678.885,1678.885,1678.885,5003.7,9.114,45611.6,0.736,0.734,0.607,0.604,164.04,164.04,164.04,168.104,0.047,1736.519,0.001,0.002,0.002,0.003
sleep,RuleKit_mincov-5_measure-C2_maxNbRules-10,5,7.43,7.43,7.43,49.6,6.704,332.5,0.699,0.699,0.593,0.593,0.794,0.794,0.794,0.516,0.144,6.115,0.002,0.003,0.004,0.006
sleep,RuleKit_mincov-5_measure-C2_maxNbRules-100,5,130.358,130.358,130.358,500.0,8.127,4063.7,0.721,0.72,0.624,0.622,13.002,13.002,13.002,0.0,0.054,26.879,0.001,0.002,0.002,0.004
sleep,RuleKit_mincov-5_measure-C2_maxNbRules-10perOrgRules,5,1266.176,1266.176,1266.176,2501.9,8.982,22474.5,0.735,0.732,0.604,0.601,498.449,498.449,498.449,84.034,0.031,819.484,0.002,0.003,0.003,0.004
sleep,RuleKit_mincov-5_measure-C2_maxNbRules-25perOrgRules,5,3094.1,3094.1,3094.1,6188.9,9.039,55945.8,0.734,0.729,0.581,0.576,1068.031,1068.031,1068.031,204.436,0.036,1973.613,0.002,0.004,0.006,0.007
sleep,RuleKit_mincov-5_measure-C2_maxNbRules-3,5,1.903,1.903,1.903,14.0,5.95,83.3,0.617,0.617,0.533,0.532,0.203,0.203,0.203,0.0,0.208,2.908,0.001,0.004,0.004,0.006
sleep,RuleKit_mincov-5_measure-C2_maxNbRules-5,5,3.273,3.273,3.273,24.8,6.156,152.6,0.664,0.664,0.567,0.566,0.384,0.384,0.384,0.422,0.167,2.171,0.002,0.003,0.002,0.003
sleep,RuleKit_mincov-5_measure-C2_maxNbRules-50perOrgRules,5,5095.855,5095.855,5095.855,11567.9,8.74,101101.1,0.75,0.734,0.603,0.586,1541.672,1541.672,1541.672,316.822,0.027,2629.752,0.002,0.003,0.007,0.008
sleep,RuleKit_mincov-5_measure-Correlation,5,417.236,417.236,417.236,731.5,7.742,5660.4,0.709,0.708,0.586,0.586,33.336,33.336,33.336,50.326,0.124,359.642,0.005,0.007,0.014,0.013
sleep,RuleKit_mincov-5_measure-Correlation_maxNbRules-10,5,12.208,12.208,12.208,50.0,6.19,309.5,0.706,0.706,0.56,0.56,1.174,1.174,1.174,0.0,0.078,3.923,0.001,0.003,0.001,0.004
sleep,RuleKit_mincov-5_measure-Correlation_maxNbRules-100,5,236.632,236.632,236.632,499.8,7.598,3797.6,0.713,0.712,0.585,0.584,12.569,12.569,12.569,0.632,0.035,18.834,0.001,0.003,0.002,0.005
sleep,RuleKit_mincov-5_measure-Correlation_maxNbRules-10perOrgRules,5,207.671,207.671,207.671,365.5,7.418,2711.6,0.712,0.712,0.587,0.586,61.047,61.047,61.047,25.761,0.041,198.743,0.001,0.003,0.001,0.004
sleep,RuleKit_mincov-5_measure-Correlation_maxNbRules-25perOrgRules,5,640.345,640.345,640.345,834.4,7.648,6381.8,0.712,0.711,0.568,0.568,219.483,219.483,219.483,34.549,0.079,277.777,0.002,0.003,0.005,0.004
sleep,RuleKit_mincov-5_measure-Correlation_maxNbRules-3,5,3.004,3.004,3.004,14.0,5.571,78.0,0.683,0.683,0.542,0.542,0.387,0.387,0.387,0.0,0.202,2.828,0.003,0.004,0.005,0.006
sleep,RuleKit_mincov-5_measure-Correlation_maxNbRules-5,5,5.367,5.367,5.367,25.0,5.808,145.2,0.704,0.703,0.557,0.557,0.64,0.64,0.64,0.0,0.096,2.394,0.002,0.002,0.004,0.005
sleep,RuleKit_mincov-5_measure-Correlation_maxNbRules-50perOrgRules,5,890.132,890.132,890.132,1046.7,7.544,7897.9,0.711,0.711,0.561,0.561,298.383,298.383,298.383,42.599,0.111,378.809,0.001,0.003,0.008,0.008
